"ID","POSTDATE","COMPANY","floorplans__ID","floorplans__NAME","floorplans__SQFTMIN","floorplans__SQFTMAX","unittypes__ID","unittypes__utpricing__LT","unittypes__utpricing__STARTDATE","unittypes__utpricing__ENDDATE","unittypes__utpricing__BASERENT","unittypes__utpricing__CONCESSION","unittypes__utpricing__EFFRENT","unittypes__utpricing__CONTYPE","unittypes__utpricing__CONVALUE","units__ID","units__AVAILDATE","units__STATUS","units__UNITTYPE","units__UNITCAT","units__AMENITYVALUE","units__FLOORPLANID","units__amenity__ID","units__amenity__DESCRIPTION","units__amenity__VALUE","units__offeredterm__LT","units__offeredterm__BASERENT","units__offeredterm__TOTALCONCESSION","units__offeredterm__EFFECTIVERENT","units__offeredterm__CONTYPE","units__offeredterm__CONVALUE","units__offeredterm__STARTDATE","units__offeredterm__ENDDATE","units__offeredterm__PVENDDATE"
"151NO","20170821","Madera","1311","203-a1 | 1 | 1.00","624","624","1311","2","20170821","20170827","1090.00","0.00","1090.00","T","0.00","0102","20170825","Vacant Unavailable","1312","2x2","75.00","1312","94","Madera Upgrade","75.0000","2","1220.00","0.00","1220.00","T","0.00","20170825","20170901","20170901"
"","","","1312","203-b1 | 2 | 2.00","878","878","","2","20170828","20170903","905.00","0.00","905.00","T","0.00","","","","","","","","","","","3","1155.00","0.00","1155.00","T","0.00","20170825","20170901","20170901"
"","","","1313","203-e1 | 1 | 1.00","370","370","","2","20170904","20170910","905.00","0.00","905.00","T","0.00","","","","","","","","","","","4","1145.00","0.00","1145.00","T","0.00","20170825","20170901","20170901"
"","","","","","","","","2","20170911","20170917","905.00","0.00","905.00","T","0.00","","","","","","","","","","","5","1360.00","0.00","1360.00","T","0.00","20170825","20170901","20170901"
"","","","","","","","","2","20170918","20170924","905.00","0.00","905.00","T","0.00","","","","","","","","","","","6","1125.00","0.00","1125.00","T","0.00","20170825","20170901","20170901"
"","","","","","","","","2","20170925","20171001","895.00","0.00","895.00","T","0.00","","","","","","","","","","","7","895.00","0.00","895.00","T","0.00","20170825","20170901","20170901"
"","","","","","","","","2","20171002","20171008","895.00","0.00","895.00","T","0.00","","","","","","","","","","","8","960.00","0.00","960.00","T","0.00","20170825","20170901","20170901"
"","","","","","","","","2","20171009","20171015","895.00","0.00","895.00","T","0.00","","","","","","","","","","","9","885.00","0.00","885.00","T","0.00","20170825","20170901","20170901"
"","","","","","","","","2","20171016","20171022","895.00","0.00","895.00","T","0.00","","","","","","","","","","","10","890.00","0.00","890.00","T","0.00","20170825","20170901","20170901"
"","","","","","","","","2","20171023","20171029","895.00","0.00","895.00","T","0.00","","","","","","","","","","","11","885.00","0.00","885.00","T","0.00","20170825","20170901","20170901"
"","","","","","","","","2","20171030","20171105","900.00","0.00","900.00","T","0.00","","","","","","","","","","","12","1050.00","0.00","1050.00","T","0.00","20170825","20170901","20170901"
"","","","","","","","","2","20171106","20171112","1055.00","0.00","1055.00","T","0.00","0112","20170523","Vacant Ready","1312","2x2","75.00","1312","94","Madera Upgrade","75.0000","2","1220.00","0.00","1220.00","T","0.00","20170821","20170828","20170828"
"","","","","","","","","2","20171113","20171119","1055.00","0.00","1055.00","T","0.00","","","","","","","","","","","3","1155.00","0.00","1155.00","T","0.00","20170821","20170828","20170828"
"","","","","","","","","2","20171120","20171126","1055.00","0.00","1055.00","T","0.00","","","","","","","","","","","4","1145.00","0.00","1145.00","T","0.00","20170821","20170828","20170828"
"","","","","","","","","2","20171127","20171203","1060.00","0.00","1060.00","T","0.00","","","","","","","","","","","5","1360.00","0.00","1360.00","T","0.00","20170821","20170828","20170828"
"","","","","","","","","2","20171204","20171210","1060.00","0.00","1060.00","T","0.00","","","","","","","","","","","6","1125.00","0.00","1125.00","T","0.00","20170821","20170828","20170828"
"","","","","","","","","2","20171211","20171217","1060.00","0.00","1060.00","T","0.00","","","","","","","","","","","7","895.00","0.00","895.00","T","0.00","20170821","20170828","20170828"
"","","","","","","","","3","20170821","20170827","850.00","0.00","850.00","T","0.00","","","","","","","","","","","8","960.00","0.00","960.00","T","0.00","20170821","20170828","20170828"
"","","","","","","","","3","20170828","20170903","850.00","0.00","850.00","T","0.00","","","","","","","","","","","9","885.00","0.00","885.00","T","0.00","20170821","20170828","20170828"
"","","","","","","","","3","20170904","20170910","850.00","0.00","850.00","T","0.00","","","","","","","","","","","10","890.00","0.00","890.00","T","0.00","20170821","20170828","20170828"
"","","","","","","","","3","20170911","20170917","850.00","0.00","850.00","T","0.00","","","","","","","","","","","11","885.00","0.00","885.00","T","0.00","20170821","20170828","20170828"
"","","","","","","","","3","20170918","20170924","850.00","0.00","850.00","T","0.00","","","","","","","","","","","12","1050.00","0.00","1050.00","T","0.00","20170821","20170828","20170828"
"","","","","","","","","3","20170925","20171001","835.00","0.00","835.00","T","0.00","0114","20170626","Vacant Ready","1312","2x2","75.00","1312","94","Madera Upgrade","75.0000","2","1220.00","0.00","1220.00","T","0.00","20170821","20170828","20170828"
"","","","","","","","","3","20171002","20171008","835.00","0.00","835.00","T","0.00","","","","","","","","","","","3","1155.00","0.00","1155.00","T","0.00","20170821","20170828","20170828"
"","","","","","","","","3","20171009","20171015","835.00","0.00","835.00","T","0.00","","","","","","","","","","","4","1145.00","0.00","1145.00","T","0.00","20170821","20170828","20170828"
"","","","","","","","","3","20171016","20171022","835.00","0.00","835.00","T","0.00","","","","","","","","","","","5","1360.00","0.00","1360.00","T","0.00","20170821","20170828","20170828"
"","","","","","","","","3","20171023","20171029","835.00","0.00","835.00","T","0.00","","","","","","","","","","","6","1125.00","0.00","1125.00","T","0.00","20170821","20170828","20170828"
"","","","","","","","","3","20171030","20171105","845.00","0.00","845.00","T","0.00","","","","","","","","","","","7","895.00","0.00","895.00","T","0.00","20170821","20170828","20170828"
"","","","","","","","","3","20171106","20171112","995.00","0.00","995.00","T","0.00","","","","","","","","","","","8","960.00","0.00","960.00","T","0.00","20170821","20170828","20170828"
"","","","","","","","","3","20171113","20171119","995.00","0.00","995.00","T","0.00","","","","","","","","","","","9","885.00","0.00","885.00","T","0.00","20170821","20170828","20170828"
"","","","","","","","","3","20171120","20171126","995.00","0.00","995.00","T","0.00","","","","","","","","","","","10","890.00","0.00","890.00","T","0.00","20170821","20170828","20170828"
"","","","","","","","","3","20171127","20171203","1295.00","0.00","1295.00","T","0.00","","","","","","","","","","","11","885.00","0.00","885.00","T","0.00","20170821","20170828","20170828"
"","","","","","","","","3","20171204","20171210","1295.00","0.00","1295.00","T","0.00","","","","","","","","","","","12","1050.00","0.00","1050.00","T","0.00","20170821","20170828","20170828"
"","","","","","","","","3","20171211","20171217","1295.00","0.00","1295.00","T","0.00","0202","20170811","Vacant Ready","1311","1x1","75.00","1311","94","Madera Upgrade","75.0000","2","1165.00","0.00","1165.00","T","0.00","20170821","20170828","20170828"
"","","","","","","","","4","20170821","20170827","840.00","0.00","840.00","T","0.00","","","","","","","","","","","3","925.00","0.00","925.00","T","0.00","20170821","20170828","20170828"
"","","","","","","","","4","20170828","20170903","835.00","0.00","835.00","T","0.00","","","","","","","","","","","4","915.00","0.00","915.00","T","0.00","20170821","20170828","20170828"
"","","","","","","","","4","20170904","20170910","835.00","0.00","835.00","T","0.00","","","","","","","","","","","5","860.00","0.00","860.00","T","0.00","20170821","20170828","20170828"
"","","","","","","","","4","20170911","20170917","835.00","0.00","835.00","T","0.00","","","","","","","","","","","6","830.00","0.00","830.00","T","0.00","20170821","20170828","20170828"
"","","","","","","","","4","20170918","20170924","835.00","0.00","835.00","T","0.00","","","","","","","","","","","7","1045.00","0.00","1045.00","T","0.00","20170821","20170828","20170828"
"","","","","","","","","4","20170925","20171001","825.00","0.00","825.00","T","0.00","","","","","","","","","","","8","820.00","0.00","820.00","T","0.00","20170821","20170828","20170828"
"","","","","","","","","4","20171002","20171008","825.00","0.00","825.00","T","0.00","","","","","","","","","","","9","810.00","0.00","810.00","T","0.00","20170821","20170828","20170828"
"","","","","","","","","4","20171009","20171015","825.00","0.00","825.00","T","0.00","","","","","","","","","","","10","730.00","0.00","730.00","T","0.00","20170821","20170828","20170828"
"","","","","","","","","4","20171016","20171022","825.00","0.00","825.00","T","0.00","","","","","","","","","","","11","895.00","0.00","895.00","T","0.00","20170821","20170828","20170828"
"","","","","","","","","4","20171023","20171029","825.00","0.00","825.00","T","0.00","","","","","","","","","","","12","720.00","0.00","720.00","T","0.00","20170821","20170828","20170828"
"","","","","","","","","4","20171030","20171105","1075.00","0.00","1075.00","T","0.00","0216","20170828","Vacant Unavailable","1311","1x1","0.00","1311","","","","2","905.00","0.00","905.00","T","0.00","20170828","20170904","20170904"
"","","","","","","","","4","20171106","20171112","1270.00","0.00","1270.00","T","0.00","","","","","","","","","","","3","850.00","0.00","850.00","T","0.00","20170828","20170904","20170904"
"","","","","","","","","4","20171113","20171119","1270.00","0.00","1270.00","T","0.00","","","","","","","","","","","4","835.00","0.00","835.00","T","0.00","20170828","20170904","20170904"
"","","","","","","","","4","20171120","20171126","1270.00","0.00","1270.00","T","0.00","","","","","","","","","","","5","785.00","0.00","785.00","T","0.00","20170828","20170904","20170904"
"","","","","","","","","4","20171127","20171203","990.00","0.00","990.00","T","0.00","","","","","","","","","","","6","980.00","0.00","980.00","T","0.00","20170828","20170904","20170904"
"","","","","","","","","4","20171204","20171210","990.00","0.00","990.00","T","0.00","","","","","","","","","","","7","755.00","0.00","755.00","T","0.00","20170828","20170904","20170904"
"","","","","","","","","4","20171211","20171217","990.00","0.00","990.00","T","0.00","","","","","","","","","","","8","745.00","0.00","745.00","T","0.00","20170828","20170904","20170904"
"","","","","","","","","5","20170821","20170827","785.00","0.00","785.00","T","0.00","","","","","","","","","","","9","735.00","0.00","735.00","T","0.00","20170828","20170904","20170904"
"","","","","","","","","5","20170828","20170903","785.00","0.00","785.00","T","0.00","","","","","","","","","","","10","830.00","0.00","830.00","T","0.00","20170828","20170904","20170904"
"","","","","","","","","5","20170904","20170910","785.00","0.00","785.00","T","0.00","","","","","","","","","","","11","655.00","0.00","655.00","T","0.00","20170828","20170904","20170904"
"","","","","","","","","5","20170911","20170917","785.00","0.00","785.00","T","0.00","","","","","","","","","","","12","660.00","0.00","660.00","T","0.00","20170828","20170904","20170904"
"","","","","","","","","5","20170918","20170924","785.00","0.00","785.00","T","0.00","0312","20170914","On Notice","1312","2x2","0.00","1312","","","","2","1135.00","0.00","1135.00","T","0.00","20170914","20170921","20170921"
"","","","","","","","","5","20170925","20171001","1010.00","0.00","1010.00","T","0.00","","","","","","","","","","","3","1070.00","0.00","1070.00","T","0.00","20170914","20170921","20170921"
"","","","","","","","","5","20171002","20171008","1010.00","0.00","1010.00","T","0.00","","","","","","","","","","","4","1340.00","0.00","1340.00","T","0.00","20170914","20170921","20170921"
"","","","","","","","","5","20171009","20171015","1010.00","0.00","1010.00","T","0.00","","","","","","","","","","","5","1275.00","0.00","1275.00","T","0.00","20170914","20170921","20170921"
"","","","","","","","","5","20171016","20171022","1010.00","0.00","1010.00","T","0.00","","","","","","","","","","","6","835.00","0.00","835.00","T","0.00","20170914","20170921","20170921"
"","","","","","","","","5","20171023","20171029","1010.00","0.00","1010.00","T","0.00","","","","","","","","","","","7","900.00","0.00","900.00","T","0.00","20170914","20170921","20170921"
"","","","","","","","","5","20171030","20171105","785.00","0.00","785.00","T","0.00","","","","","","","","","","","8","825.00","0.00","825.00","T","0.00","20170914","20170921","20170921"
"","","","","","","","","5","20171106","20171112","930.00","0.00","930.00","T","0.00","","","","","","","","","","","9","810.00","0.00","810.00","T","0.00","20170914","20170921","20170921"
"","","","","","","","","5","20171113","20171119","930.00","0.00","930.00","T","0.00","","","","","","","","","","","10","810.00","0.00","810.00","T","0.00","20170914","20170921","20170921"
"","","","","","","","","5","20171120","20171126","930.00","0.00","930.00","T","0.00","","","","","","","","","","","11","975.00","0.00","975.00","T","0.00","20170914","20170921","20170921"
"","","","","","","","","5","20171127","20171203","930.00","0.00","930.00","T","0.00","","","","","","","","","","","12","810.00","0.00","810.00","T","0.00","20170914","20170921","20170921"
"","","","","","","","","5","20171204","20171210","930.00","0.00","930.00","T","0.00","0313","20170914","On Notice","1312","2x2","50.00","1312","73","1st Floor","25.0000","2","1185.00","0.00","1185.00","T","0.00","20170914","20170921","20170921"
"","","","","","","","","5","20171211","20171217","930.00","0.00","930.00","T","0.00","","","","","","","","74","W/D Installed","25.0000","3","1120.00","0.00","1120.00","T","0.00","20170914","20170921","20170921"
"","","","","","","","","6","20170821","20170827","755.00","0.00","755.00","T","0.00","","","","","","","","","","","4","1390.00","0.00","1390.00","T","0.00","20170914","20170921","20170921"
"","","","","","","","","6","20170828","20170903","980.00","0.00","980.00","T","0.00","","","","","","","","","","","5","1325.00","0.00","1325.00","T","0.00","20170914","20170921","20170921"
"","","","","","","","","6","20170904","20170910","980.00","0.00","980.00","T","0.00","","","","","","","","","","","6","885.00","0.00","885.00","T","0.00","20170914","20170921","20170921"
"","","","","","","","","6","20170911","20170917","980.00","0.00","980.00","T","0.00","","","","","","","","","","","7","950.00","0.00","950.00","T","0.00","20170914","20170921","20170921"
"","","","","","","","","6","20170918","20170924","980.00","0.00","980.00","T","0.00","","","","","","","","","","","8","875.00","0.00","875.00","T","0.00","20170914","20170921","20170921"
"","","","","","","","","6","20170925","20171001","755.00","0.00","755.00","T","0.00","","","","","","","","","","","9","860.00","0.00","860.00","T","0.00","20170914","20170921","20170921"
"","","","","","","","","6","20171002","20171008","755.00","0.00","755.00","T","0.00","","","","","","","","","","","10","860.00","0.00","860.00","T","0.00","20170914","20170921","20170921"
"","","","","","","","","6","20171009","20171015","755.00","0.00","755.00","T","0.00","","","","","","","","","","","11","1025.00","0.00","1025.00","T","0.00","20170914","20170921","20170921"
"","","","","","","","","6","20171016","20171022","755.00","0.00","755.00","T","0.00","","","","","","","","","","","12","860.00","0.00","860.00","T","0.00","20170914","20170921","20170921"
"","","","","","","","","6","20171023","20171029","755.00","0.00","755.00","T","0.00","0316","20170909","Vacant Unavailable","1312","2x2","75.00","1312","94","Madera Upgrade","75.0000","2","1210.00","0.00","1210.00","T","0.00","20170909","20170916","20170916"
"","","","","","","","","6","20171030","20171105","760.00","0.00","760.00","T","0.00","","","","","","","","","","","3","1145.00","0.00","1145.00","T","0.00","20170909","20170916","20170916"
"","","","","","","","","6","20171106","20171112","760.00","0.00","760.00","T","0.00","","","","","","","","","","","4","1415.00","0.00","1415.00","T","0.00","20170909","20170916","20170916"
"","","","","","","","","6","20171113","20171119","760.00","0.00","760.00","T","0.00","","","","","","","","","","","5","1350.00","0.00","1350.00","T","0.00","20170909","20170916","20170916"
"","","","","","","","","6","20171120","20171126","760.00","0.00","760.00","T","0.00","","","","","","","","","","","6","910.00","0.00","910.00","T","0.00","20170909","20170916","20170916"
"","","","","","","","","6","20171127","20171203","750.00","0.00","750.00","T","0.00","","","","","","","","","","","7","975.00","0.00","975.00","T","0.00","20170909","20170916","20170916"
"","","","","","","","","6","20171204","20171210","750.00","0.00","750.00","T","0.00","","","","","","","","","","","8","900.00","0.00","900.00","T","0.00","20170909","20170916","20170916"
"","","","","","","","","6","20171211","20171217","750.00","0.00","750.00","T","0.00","","","","","","","","","","","9","885.00","0.00","885.00","T","0.00","20170909","20170916","20170916"
"","","","","","","","","7","20170821","20170827","970.00","0.00","970.00","T","0.00","","","","","","","","","","","10","885.00","0.00","885.00","T","0.00","20170909","20170916","20170916"
"","","","","","","","","7","20170828","20170903","755.00","0.00","755.00","T","0.00","","","","","","","","","","","11","1050.00","0.00","1050.00","T","0.00","20170909","20170916","20170916"
"","","","","","","","","7","20170904","20170910","755.00","0.00","755.00","T","0.00","","","","","","","","","","","12","885.00","0.00","885.00","T","0.00","20170909","20170916","20170916"
"","","","","","","","","7","20170911","20170917","755.00","0.00","755.00","T","0.00","0402","20170914","On Notice","1312","2x2","0.00","1312","","","","2","1135.00","0.00","1135.00","T","0.00","20170914","20170921","20170921"
"","","","","","","","","7","20170918","20170924","755.00","0.00","755.00","T","0.00","","","","","","","","","","","3","1070.00","0.00","1070.00","T","0.00","20170914","20170921","20170921"
"","","","","","","","","7","20170925","20171001","745.00","0.00","745.00","T","0.00","","","","","","","","","","","4","1340.00","0.00","1340.00","T","0.00","20170914","20170921","20170921"
"","","","","","","","","7","20171002","20171008","745.00","0.00","745.00","T","0.00","","","","","","","","","","","5","1275.00","0.00","1275.00","T","0.00","20170914","20170921","20170921"
"","","","","","","","","7","20171009","20171015","745.00","0.00","745.00","T","0.00","","","","","","","","","","","6","835.00","0.00","835.00","T","0.00","20170914","20170921","20170921"
"","","","","","","","","7","20171016","20171022","745.00","0.00","745.00","T","0.00","","","","","","","","","","","7","900.00","0.00","900.00","T","0.00","20170914","20170921","20170921"
"","","","","","","","","7","20171023","20171029","745.00","0.00","745.00","T","0.00","","","","","","","","","","","8","825.00","0.00","825.00","T","0.00","20170914","20170921","20170921"
"","","","","","","","","7","20171030","20171105","750.00","0.00","750.00","T","0.00","","","","","","","","","","","9","810.00","0.00","810.00","T","0.00","20170914","20170921","20170921"
"","","","","","","","","7","20171106","20171112","750.00","0.00","750.00","T","0.00","","","","","","","","","","","10","810.00","0.00","810.00","T","0.00","20170914","20170921","20170921"
"","","","","","","","","7","20171113","20171119","750.00","0.00","750.00","T","0.00","","","","","","","","","","","11","975.00","0.00","975.00","T","0.00","20170914","20170921","20170921"
"","","","","","","","","7","20171120","20171126","750.00","0.00","750.00","T","0.00","","","","","","","","","","","12","810.00","0.00","810.00","T","0.00","20170914","20170921","20170921"
"","","","","","","","","7","20171127","20171203","935.00","0.00","935.00","T","0.00","0403","20170906","On Notice","1312","2x2","150.00","1312","73","1st Floor","25.0000","2","1285.00","0.00","1285.00","T","0.00","20170906","20170913","20170913"
"","","","","","","","","7","20171204","20171210","935.00","0.00","935.00","T","0.00","","","","","","","","94","Madera Upgrade","125.0000","3","1220.00","0.00","1220.00","T","0.00","20170906","20170913","20170913"
"","","","","","","","","7","20171211","20171217","935.00","0.00","935.00","T","0.00","","","","","","","","","","","4","1490.00","0.00","1490.00","T","0.00","20170906","20170913","20170913"
"","","","","","","","","8","20170821","20170827","745.00","0.00","745.00","T","0.00","","","","","","","","","","","5","1425.00","0.00","1425.00","T","0.00","20170906","20170913","20170913"
"","","","","","","","","8","20170828","20170903","745.00","0.00","745.00","T","0.00","","","","","","","","","","","6","985.00","0.00","985.00","T","0.00","20170906","20170913","20170913"
"","","","","","","","","8","20170904","20170910","745.00","0.00","745.00","T","0.00","","","","","","","","","","","7","1050.00","0.00","1050.00","T","0.00","20170906","20170913","20170913"
"","","","","","","","","8","20170911","20170917","745.00","0.00","745.00","T","0.00","","","","","","","","","","","8","975.00","0.00","975.00","T","0.00","20170906","20170913","20170913"
"","","","","","","","","8","20170918","20170924","745.00","0.00","745.00","T","0.00","","","","","","","","","","","9","960.00","0.00","960.00","T","0.00","20170906","20170913","20170913"
"","","","","","","","","8","20170925","20171001","735.00","0.00","735.00","T","0.00","","","","","","","","","","","10","960.00","0.00","960.00","T","0.00","20170906","20170913","20170913"
"","","","","","","","","8","20171002","20171008","735.00","0.00","735.00","T","0.00","","","","","","","","","","","11","1125.00","0.00","1125.00","T","0.00","20170906","20170913","20170913"
"","","","","","","","","8","20171009","20171015","735.00","0.00","735.00","T","0.00","","","","","","","","","","","12","960.00","0.00","960.00","T","0.00","20170906","20170913","20170913"
"","","","","","","","","8","20171016","20171022","735.00","0.00","735.00","T","0.00","0406","20170914","On Notice","1312","2x2","0.00","1312","","","","2","1135.00","0.00","1135.00","T","0.00","20170914","20170921","20170921"
"","","","","","","","","8","20171023","20171029","735.00","0.00","735.00","T","0.00","","","","","","","","","","","3","1070.00","0.00","1070.00","T","0.00","20170914","20170921","20170921"
"","","","","","","","","8","20171030","20171105","930.00","0.00","930.00","T","0.00","","","","","","","","","","","4","1340.00","0.00","1340.00","T","0.00","20170914","20170921","20170921"
"","","","","","","","","8","20171106","20171112","930.00","0.00","930.00","T","0.00","","","","","","","","","","","5","1275.00","0.00","1275.00","T","0.00","20170914","20170921","20170921"
"","","","","","","","","8","20171113","20171119","930.00","0.00","930.00","T","0.00","","","","","","","","","","","6","835.00","0.00","835.00","T","0.00","20170914","20170921","20170921"
"","","","","","","","","8","20171120","20171126","930.00","0.00","930.00","T","0.00","","","","","","","","","","","7","900.00","0.00","900.00","T","0.00","20170914","20170921","20170921"
"","","","","","","","","8","20171127","20171203","735.00","0.00","735.00","T","0.00","","","","","","","","","","","8","825.00","0.00","825.00","T","0.00","20170914","20170921","20170921"
"","","","","","","","","8","20171204","20171210","735.00","0.00","735.00","T","0.00","","","","","","","","","","","9","810.00","0.00","810.00","T","0.00","20170914","20170921","20170921"
"","","","","","","","","8","20171211","20171217","735.00","0.00","735.00","T","0.00","","","","","","","","","","","10","810.00","0.00","810.00","T","0.00","20170914","20170921","20170921"
"","","","","","","","","9","20170821","20170827","735.00","0.00","735.00","T","0.00","","","","","","","","","","","11","975.00","0.00","975.00","T","0.00","20170914","20170921","20170921"
"","","","","","","","","9","20170828","20170903","735.00","0.00","735.00","T","0.00","","","","","","","","","","","12","810.00","0.00","810.00","T","0.00","20170914","20170921","20170921"
"","","","","","","","","9","20170904","20170910","735.00","0.00","735.00","T","0.00","0608","20170821","On Notice","1311","1x1","75.00","1311","94","Madera Upgrade","75.0000","2","1165.00","0.00","1165.00","T","0.00","20170821","20170828","20170828"
"","","","","","","","","9","20170911","20170917","735.00","0.00","735.00","T","0.00","","","","","","","","","","","3","925.00","0.00","925.00","T","0.00","20170821","20170828","20170828"
"","","","","","","","","9","20170918","20170924","735.00","0.00","735.00","T","0.00","","","","","","","","","","","4","915.00","0.00","915.00","T","0.00","20170821","20170828","20170828"
"","","","","","","","","9","20170925","20171001","920.00","0.00","920.00","T","0.00","","","","","","","","","","","5","860.00","0.00","860.00","T","0.00","20170821","20170828","20170828"
"","","","","","","","","9","20171002","20171008","920.00","0.00","920.00","T","0.00","","","","","","","","","","","6","830.00","0.00","830.00","T","0.00","20170821","20170828","20170828"
"","","","","","","","","9","20171009","20171015","920.00","0.00","920.00","T","0.00","","","","","","","","","","","7","1045.00","0.00","1045.00","T","0.00","20170821","20170828","20170828"
"","","","","","","","","9","20171016","20171022","920.00","0.00","920.00","T","0.00","","","","","","","","","","","8","820.00","0.00","820.00","T","0.00","20170821","20170828","20170828"
"","","","","","","","","9","20171023","20171029","920.00","0.00","920.00","T","0.00","","","","","","","","","","","9","810.00","0.00","810.00","T","0.00","20170821","20170828","20170828"
"","","","","","","","","9","20171030","20171105","735.00","0.00","735.00","T","0.00","","","","","","","","","","","10","730.00","0.00","730.00","T","0.00","20170821","20170828","20170828"
"","","","","","","","","9","20171106","20171112","735.00","0.00","735.00","T","0.00","","","","","","","","","","","11","895.00","0.00","895.00","T","0.00","20170821","20170828","20170828"
"","","","","","","","","9","20171113","20171119","735.00","0.00","735.00","T","0.00","","","","","","","","","","","12","720.00","0.00","720.00","T","0.00","20170821","20170828","20170828"
"","","","","","","","","9","20171120","20171126","735.00","0.00","735.00","T","0.00","0613","20170821","On Notice","1311","1x1","25.00","1311","73","1st Floor","25.0000","2","1115.00","0.00","1115.00","T","0.00","20170821","20170828","20170828"
"","","","","","","","","9","20171127","20171203","735.00","0.00","735.00","T","0.00","","","","","","","","","","","3","875.00","0.00","875.00","T","0.00","20170821","20170828","20170828"
"","","","","","","","","9","20171204","20171210","735.00","0.00","735.00","T","0.00","","","","","","","","","","","4","865.00","0.00","865.00","T","0.00","20170821","20170828","20170828"
"","","","","","","","","9","20171211","20171217","735.00","0.00","735.00","T","0.00","","","","","","","","","","","5","810.00","0.00","810.00","T","0.00","20170821","20170828","20170828"
"","","","","","","","","10","20170821","20170827","655.00","0.00","655.00","T","0.00","","","","","","","","","","","6","780.00","0.00","780.00","T","0.00","20170821","20170828","20170828"
"","","","","","","","","10","20170828","20170903","830.00","0.00","830.00","T","0.00","","","","","","","","","","","7","995.00","0.00","995.00","T","0.00","20170821","20170828","20170828"
"","","","","","","","","10","20170904","20170910","830.00","0.00","830.00","T","0.00","","","","","","","","","","","8","770.00","0.00","770.00","T","0.00","20170821","20170828","20170828"
"","","","","","","","","10","20170911","20170917","830.00","0.00","830.00","T","0.00","","","","","","","","","","","9","760.00","0.00","760.00","T","0.00","20170821","20170828","20170828"
"","","","","","","","","10","20170918","20170924","830.00","0.00","830.00","T","0.00","","","","","","","","","","","10","680.00","0.00","680.00","T","0.00","20170821","20170828","20170828"
"","","","","","","","","10","20170925","20171001","660.00","0.00","660.00","T","0.00","","","","","","","","","","","11","845.00","0.00","845.00","T","0.00","20170821","20170828","20170828"
"","","","","","","","","10","20171002","20171008","660.00","0.00","660.00","T","0.00","","","","","","","","","","","12","670.00","0.00","670.00","T","0.00","20170821","20170828","20170828"
"","","","","","","","","10","20171009","20171015","660.00","0.00","660.00","T","0.00","0704","20170826","Vacant Unavailable","1311","1x1","0.00","1311","","","","2","1090.00","0.00","1090.00","T","0.00","20170826","20170902","20170902"
"","","","","","","","","10","20171016","20171022","660.00","0.00","660.00","T","0.00","","","","","","","","","","","3","850.00","0.00","850.00","T","0.00","20170826","20170902","20170902"
"","","","","","","","","10","20171023","20171029","660.00","0.00","660.00","T","0.00","","","","","","","","","","","4","840.00","0.00","840.00","T","0.00","20170826","20170902","20170902"
"","","","","","","","","10","20171030","20171105","670.00","0.00","670.00","T","0.00","","","","","","","","","","","5","785.00","0.00","785.00","T","0.00","20170826","20170902","20170902"
"","","","","","","","","10","20171106","20171112","670.00","0.00","670.00","T","0.00","","","","","","","","","","","6","755.00","0.00","755.00","T","0.00","20170826","20170902","20170902"
"","","","","","","","","10","20171113","20171119","670.00","0.00","670.00","T","0.00","","","","","","","","","","","7","970.00","0.00","970.00","T","0.00","20170826","20170902","20170902"
"","","","","","","","","10","20171120","20171126","670.00","0.00","670.00","T","0.00","","","","","","","","","","","8","745.00","0.00","745.00","T","0.00","20170826","20170902","20170902"
"","","","","","","","","10","20171127","20171203","675.00","0.00","675.00","T","0.00","","","","","","","","","","","9","735.00","0.00","735.00","T","0.00","20170826","20170902","20170902"
"","","","","","","","","10","20171204","20171210","675.00","0.00","675.00","T","0.00","","","","","","","","","","","10","655.00","0.00","655.00","T","0.00","20170826","20170902","20170902"
"","","","","","","","","10","20171211","20171217","675.00","0.00","675.00","T","0.00","","","","","","","","","","","11","820.00","0.00","820.00","T","0.00","20170826","20170902","20170902"
"","","","","","","","","11","20170821","20170827","820.00","0.00","820.00","T","0.00","","","","","","","","","","","12","645.00","0.00","645.00","T","0.00","20170826","20170902","20170902"
"","","","","","","","","11","20170828","20170903","655.00","0.00","655.00","T","0.00","0707","20170831","Vacant Unavailable","1311","1x1","100.00","1311","73","1st Floor","25.0000","2","1005.00","0.00","1005.00","T","0.00","20170831","20170907","20170907"
"","","","","","","","","11","20170904","20170910","655.00","0.00","655.00","T","0.00","","","","","","","","94","Madera Upgrade","75.0000","3","950.00","0.00","950.00","T","0.00","20170831","20170907","20170907"
"","","","","","","","","11","20170911","20170917","655.00","0.00","655.00","T","0.00","","","","","","","","","","","4","935.00","0.00","935.00","T","0.00","20170831","20170907","20170907"
"","","","","","","","","11","20170918","20170924","655.00","0.00","655.00","T","0.00","","","","","","","","","","","5","885.00","0.00","885.00","T","0.00","20170831","20170907","20170907"
"","","","","","","","","11","20170925","20171001","660.00","0.00","660.00","T","0.00","","","","","","","","","","","6","1080.00","0.00","1080.00","T","0.00","20170831","20170907","20170907"
"","","","","","","","","11","20171002","20171008","660.00","0.00","660.00","T","0.00","","","","","","","","","","","7","855.00","0.00","855.00","T","0.00","20170831","20170907","20170907"
"","","","","","","","","11","20171009","20171015","660.00","0.00","660.00","T","0.00","","","","","","","","","","","8","845.00","0.00","845.00","T","0.00","20170831","20170907","20170907"
"","","","","","","","","11","20171016","20171022","660.00","0.00","660.00","T","0.00","","","","","","","","","","","9","835.00","0.00","835.00","T","0.00","20170831","20170907","20170907"
"","","","","","","","","11","20171023","20171029","660.00","0.00","660.00","T","0.00","","","","","","","","","","","10","930.00","0.00","930.00","T","0.00","20170831","20170907","20170907"
"","","","","","","","","11","20171030","20171105","675.00","0.00","675.00","T","0.00","","","","","","","","","","","11","755.00","0.00","755.00","T","0.00","20170831","20170907","20170907"
"","","","","","","","","11","20171106","20171112","675.00","0.00","675.00","T","0.00","","","","","","","","","","","12","760.00","0.00","760.00","T","0.00","20170831","20170907","20170907"
"","","","","","","","","11","20171113","20171119","675.00","0.00","675.00","T","0.00","0914","20170908","Vacant Unavailable","1312","2x2","0.00","1312","","","","2","1135.00","0.00","1135.00","T","0.00","20170908","20170915","20170915"
"","","","","","","","","11","20171120","20171126","675.00","0.00","675.00","T","0.00","","","","","","","","","","","3","1070.00","0.00","1070.00","T","0.00","20170908","20170915","20170915"
"","","","","","","","","11","20171127","20171203","675.00","0.00","675.00","T","0.00","","","","","","","","","","","4","1340.00","0.00","1340.00","T","0.00","20170908","20170915","20170915"
"","","","","","","","","11","20171204","20171210","680.00","0.00","680.00","T","0.00","","","","","","","","","","","5","1275.00","0.00","1275.00","T","0.00","20170908","20170915","20170915"
"","","","","","","","","11","20171211","20171217","680.00","0.00","680.00","T","0.00","","","","","","","","","","","6","835.00","0.00","835.00","T","0.00","20170908","20170915","20170915"
"","","","","","","","","12","20170821","20170827","645.00","0.00","645.00","T","0.00","","","","","","","","","","","7","900.00","0.00","900.00","T","0.00","20170908","20170915","20170915"
"","","","","","","","","12","20170828","20170903","660.00","0.00","660.00","T","0.00","","","","","","","","","","","8","825.00","0.00","825.00","T","0.00","20170908","20170915","20170915"
"","","","","","","","","12","20170904","20170910","660.00","0.00","660.00","T","0.00","","","","","","","","","","","9","810.00","0.00","810.00","T","0.00","20170908","20170915","20170915"
"","","","","","","","","12","20170911","20170917","660.00","0.00","660.00","T","0.00","","","","","","","","","","","10","810.00","0.00","810.00","T","0.00","20170908","20170915","20170915"
"","","","","","","","","12","20170918","20170924","660.00","0.00","660.00","T","0.00","","","","","","","","","","","11","975.00","0.00","975.00","T","0.00","20170908","20170915","20170915"
"","","","","","","","","12","20170925","20171001","665.00","0.00","665.00","T","0.00","","","","","","","","","","","12","810.00","0.00","810.00","T","0.00","20170908","20170915","20170915"
"","","","","","","","","12","20171002","20171008","665.00","0.00","665.00","T","0.00","1003","20170814","Vacant Unavailable","1311","1x1","25.00","1311","73","1st Floor","25.0000","2","1115.00","0.00","1115.00","T","0.00","20170821","20170828","20170828"
"","","","","","","","","12","20171009","20171015","665.00","0.00","665.00","T","0.00","","","","","","","","","","","3","875.00","0.00","875.00","T","0.00","20170821","20170828","20170828"
"","","","","","","","","12","20171016","20171022","665.00","0.00","665.00","T","0.00","","","","","","","","","","","4","865.00","0.00","865.00","T","0.00","20170821","20170828","20170828"
"","","","","","","","","12","20171023","20171029","665.00","0.00","665.00","T","0.00","","","","","","","","","","","5","810.00","0.00","810.00","T","0.00","20170821","20170828","20170828"
"","","","","","","","","12","20171030","20171105","675.00","0.00","675.00","T","0.00","","","","","","","","","","","6","780.00","0.00","780.00","T","0.00","20170821","20170828","20170828"
"","","","","","","","","12","20171106","20171112","675.00","0.00","675.00","T","0.00","","","","","","","","","","","7","995.00","0.00","995.00","T","0.00","20170821","20170828","20170828"
"","","","","","","","","12","20171113","20171119","675.00","0.00","675.00","T","0.00","","","","","","","","","","","8","770.00","0.00","770.00","T","0.00","20170821","20170828","20170828"
"","","","","","","","","12","20171120","20171126","675.00","0.00","675.00","T","0.00","","","","","","","","","","","9","760.00","0.00","760.00","T","0.00","20170821","20170828","20170828"
"","","","","","","","","12","20171127","20171203","675.00","0.00","675.00","T","0.00","","","","","","","","","","","10","680.00","0.00","680.00","T","0.00","20170821","20170828","20170828"
"","","","","","","","","12","20171204","20171210","675.00","0.00","675.00","T","0.00","","","","","","","","","","","11","845.00","0.00","845.00","T","0.00","20170821","20170828","20170828"
"","","","","","","","","12","20171211","20171217","675.00","0.00","675.00","T","0.00","","","","","","","","","","","12","670.00","0.00","670.00","T","0.00","20170821","20170828","20170828"
"","","","","","","","1312","2","20170821","20170827","1145.00","0.00","1145.00","T","0.00","1008","20170831","Vacant Unavailable","1311","1x1","75.00","1311","94","Madera Upgrade","75.0000","2","980.00","0.00","980.00","T","0.00","20170831","20170907","20170907"
"","","","","","","","","2","20170828","20170903","1135.00","0.00","1135.00","T","0.00","","","","","","","","","","","3","925.00","0.00","925.00","T","0.00","20170831","20170907","20170907"
"","","","","","","","","2","20170904","20170910","1135.00","0.00","1135.00","T","0.00","","","","","","","","","","","4","910.00","0.00","910.00","T","0.00","20170831","20170907","20170907"
"","","","","","","","","2","20170911","20170917","1135.00","0.00","1135.00","T","0.00","","","","","","","","","","","5","860.00","0.00","860.00","T","0.00","20170831","20170907","20170907"
"","","","","","","","","2","20170918","20170924","1135.00","0.00","1135.00","T","0.00","","","","","","","","","","","6","1055.00","0.00","1055.00","T","0.00","20170831","20170907","20170907"
"","","","","","","","","2","20170925","20171001","1175.00","0.00","1175.00","T","0.00","","","","","","","","","","","7","830.00","0.00","830.00","T","0.00","20170831","20170907","20170907"
"","","","","","","","","2","20171002","20171008","1175.00","0.00","1175.00","T","0.00","","","","","","","","","","","8","820.00","0.00","820.00","T","0.00","20170831","20170907","20170907"
"","","","","","","","","2","20171009","20171015","1175.00","0.00","1175.00","T","0.00","","","","","","","","","","","9","810.00","0.00","810.00","T","0.00","20170831","20170907","20170907"
"","","","","","","","","2","20171016","20171022","1175.00","0.00","1175.00","T","0.00","","","","","","","","","","","10","905.00","0.00","905.00","T","0.00","20170831","20170907","20170907"
"","","","","","","","","2","20171023","20171029","1175.00","0.00","1175.00","T","0.00","","","","","","","","","","","11","730.00","0.00","730.00","T","0.00","20170831","20170907","20170907"
"","","","","","","","","2","20171030","20171105","1460.00","0.00","1460.00","T","0.00","","","","","","","","","","","12","735.00","0.00","735.00","T","0.00","20170831","20170907","20170907"
"","","","","","","","","2","20171106","20171112","1460.00","0.00","1460.00","T","0.00","1010","20171014","On Notice","1311","1x1","0.00","1311","","","","2","895.00","0.00","895.00","T","0.00","20171014","20171021","20171021"
"","","","","","","","","2","20171113","20171119","1460.00","0.00","1460.00","T","0.00","","","","","","","","","","","3","835.00","0.00","835.00","T","0.00","20171014","20171021","20171021"
"","","","","","","","","2","20171120","20171126","1460.00","0.00","1460.00","T","0.00","","","","","","","","","","","4","825.00","0.00","825.00","T","0.00","20171014","20171021","20171021"
"","","","","","","","","2","20171127","20171203","1465.00","0.00","1465.00","T","0.00","","","","","","","","","","","5","1010.00","0.00","1010.00","T","0.00","20171014","20171021","20171021"
"","","","","","","","","2","20171204","20171210","1465.00","0.00","1465.00","T","0.00","","","","","","","","","","","6","755.00","0.00","755.00","T","0.00","20171014","20171021","20171021"
"","","","","","","","","2","20171211","20171217","1465.00","0.00","1465.00","T","0.00","","","","","","","","","","","7","745.00","0.00","745.00","T","0.00","20171014","20171021","20171021"
"","","","","","","","","3","20170821","20170827","1080.00","0.00","1080.00","T","0.00","","","","","","","","","","","8","735.00","0.00","735.00","T","0.00","20171014","20171021","20171021"
"","","","","","","","","3","20170828","20170903","1070.00","0.00","1070.00","T","0.00","","","","","","","","","","","9","920.00","0.00","920.00","T","0.00","20171014","20171021","20171021"
"","","","","","","","","3","20170904","20170910","1070.00","0.00","1070.00","T","0.00","","","","","","","","","","","10","660.00","0.00","660.00","T","0.00","20171014","20171021","20171021"
"","","","","","","","","3","20170911","20170917","1070.00","0.00","1070.00","T","0.00","","","","","","","","","","","11","660.00","0.00","660.00","T","0.00","20171014","20171021","20171021"
"","","","","","","","","3","20170918","20170924","1070.00","0.00","1070.00","T","0.00","","","","","","","","","","","12","665.00","0.00","665.00","T","0.00","20171014","20171021","20171021"
"","","","","","","","","3","20170925","20171001","1390.00","0.00","1390.00","T","0.00","1103","20170914","On Notice","1311","1x1","100.00","1311","73","1st Floor","25.0000","2","1005.00","0.00","1005.00","T","0.00","20170914","20170921","20170921"
"","","","","","","","","3","20171002","20171008","1390.00","0.00","1390.00","T","0.00","","","","","","","","94","Madera Upgrade","75.0000","3","950.00","0.00","950.00","T","0.00","20170914","20170921","20170921"
"","","","","","","","","3","20171009","20171015","1390.00","0.00","1390.00","T","0.00","","","","","","","","","","","4","935.00","0.00","935.00","T","0.00","20170914","20170921","20170921"
"","","","","","","","","3","20171016","20171022","1390.00","0.00","1390.00","T","0.00","","","","","","","","","","","5","885.00","0.00","885.00","T","0.00","20170914","20170921","20170921"
"","","","","","","","","3","20171023","20171029","1390.00","0.00","1390.00","T","0.00","","","","","","","","","","","6","1080.00","0.00","1080.00","T","0.00","20170914","20170921","20170921"
"","","","","","","","","3","20171030","20171105","1380.00","0.00","1380.00","T","0.00","","","","","","","","","","","7","855.00","0.00","855.00","T","0.00","20170914","20170921","20170921"
"","","","","","","","","3","20171106","20171112","1380.00","0.00","1380.00","T","0.00","","","","","","","","","","","8","845.00","0.00","845.00","T","0.00","20170914","20170921","20170921"
"","","","","","","","","3","20171113","20171119","1380.00","0.00","1380.00","T","0.00","","","","","","","","","","","9","835.00","0.00","835.00","T","0.00","20170914","20170921","20170921"
"","","","","","","","","3","20171120","20171126","1380.00","0.00","1380.00","T","0.00","","","","","","","","","","","10","930.00","0.00","930.00","T","0.00","20170914","20170921","20170921"
"","","","","","","","","3","20171127","20171203","1095.00","0.00","1095.00","T","0.00","","","","","","","","","","","11","755.00","0.00","755.00","T","0.00","20170914","20170921","20170921"
"","","","","","","","","3","20171204","20171210","1095.00","0.00","1095.00","T","0.00","","","","","","","","","","","12","760.00","0.00","760.00","T","0.00","20170914","20170921","20170921"
"","","","","","","","","3","20171211","20171217","1095.00","0.00","1095.00","T","0.00","","","","","","","","","","","","","","","","","","",""
"","","","","","","","","4","20170821","20170827","1070.00","0.00","1070.00","T","0.00","","","","","","","","","","","","","","","","","","",""
"","","","","","","","","4","20170828","20170903","1340.00","0.00","1340.00","T","0.00","","","","","","","","","","","","","","","","","","",""
"","","","","","","","","4","20170904","20170910","1340.00","0.00","1340.00","T","0.00","","","","","","","","","","","","","","","","","","",""
"","","","","","","","","4","20170911","20170917","1340.00","0.00","1340.00","T","0.00","","","","","","","","","","","","","","","","","","",""
"","","","","","","","","4","20170918","20170924","1340.00","0.00","1340.00","T","0.00","","","","","","","","","","","","","","","","","","",""
"","","","","","","","","4","20170925","20171001","1380.00","0.00","1380.00","T","0.00","","","","","","","","","","","","","","","","","","",""
"","","","","","","","","4","20171002","20171008","1380.00","0.00","1380.00","T","0.00","","","","","","","","","","","","","","","","","","",""
"","","","","","","","","4","20171009","20171015","1380.00","0.00","1380.00","T","0.00","","","","","","","","","","","","","","","","","","",""
"","","","","","","","","4","20171016","20171022","1380.00","0.00","1380.00","T","0.00","","","","","","","","","","","","","","","","","","",""
"","","","","","","","","4","20171023","20171029","1380.00","0.00","1380.00","T","0.00","","","","","","","","","","","","","","","","","","",""
"","","","","","","","","4","20171030","20171105","1070.00","0.00","1070.00","T","0.00","","","","","","","","","","","","","","","","","","",""
"","","","","","","","","4","20171106","20171112","1070.00","0.00","1070.00","T","0.00","","","","","","","","","","","","","","","","","","",""
"","","","","","","","","4","20171113","20171119","1070.00","0.00","1070.00","T","0.00","","","","","","","","","","","","","","","","","","",""
"","","","","","","","","4","20171120","20171126","1070.00","0.00","1070.00","T","0.00","","","","","","","","","","","","","","","","","","",""
"","","","","","","","","4","20171127","20171203","1175.00","0.00","1175.00","T","0.00","","","","","","","","","","","","","","","","","","",""
"","","","","","","","","4","20171204","20171210","1175.00","0.00","1175.00","T","0.00","","","","","","","","","","","","","","","","","","",""
"","","","","","","","","4","20171211","20171217","1175.00","0.00","1175.00","T","0.00","","","","","","","","","","","","","","","","","","",""
"","","","","","","","","5","20170821","20170827","1285.00","0.00","1285.00","T","0.00","","","","","","","","","","","","","","","","","","",""
"","","","","","","","","5","20170828","20170903","1275.00","0.00","1275.00","T","0.00","","","","","","","","","","","","","","","","","","",""
"","","","","","","","","5","20170904","20170910","1275.00","0.00","1275.00","T","0.00","","","","","","","","","","","","","","","","","","",""
"","","","","","","","","5","20170911","20170917","1275.00","0.00","1275.00","T","0.00","","","","","","","","","","","","","","","","","","",""
"","","","","","","","","5","20170918","20170924","1275.00","0.00","1275.00","T","0.00","","","","","","","","","","","","","","","","","","",""
"","","","","","","","","5","20170925","20171001","1025.00","0.00","1025.00","T","0.00","","","","","","","","","","","","","","","","","","",""
"","","","","","","","","5","20171002","20171008","1025.00","0.00","1025.00","T","0.00","","","","","","","","","","","","","","","","","","",""
"","","","","","","","","5","20171009","20171015","1025.00","0.00","1025.00","T","0.00","","","","","","","","","","","","","","","","","","",""
"","","","","","","","","5","20171016","20171022","1025.00","0.00","1025.00","T","0.00","","","","","","","","","","","","","","","","","","",""
"","","","","","","","","5","20171023","20171029","1025.00","0.00","1025.00","T","0.00","","","","","","","","","","","","","","","","","","",""
"","","","","","","","","5","20171030","20171105","1105.00","0.00","1105.00","T","0.00","","","","","","","","","","","","","","","","","","",""
"","","","","","","","","5","20171106","20171112","1105.00","0.00","1105.00","T","0.00","","","","","","","","","","","","","","","","","","",""
"","","","","","","","","5","20171113","20171119","1105.00","0.00","1105.00","T","0.00","","","","","","","","","","","","","","","","","","",""
"","","","","","","","","5","20171120","20171126","1105.00","0.00","1105.00","T","0.00","","","","","","","","","","","","","","","","","","",""
"","","","","","","","","5","20171127","20171203","1025.00","0.00","1025.00","T","0.00","","","","","","","","","","","","","","","","","","",""
"","","","","","","","","5","20171204","20171210","1025.00","0.00","1025.00","T","0.00","","","","","","","","","","","","","","","","","","",""
"","","","","","","","","5","20171211","20171217","1025.00","0.00","1025.00","T","0.00","","","","","","","","","","","","","","","","","","",""
"","","","","","","","","6","20170821","20170827","1050.00","0.00","1050.00","T","0.00","","","","","","","","","","","","","","","","","","",""
"","","","","","","","","6","20170828","20170903","835.00","0.00","835.00","T","0.00","","","","","","","","","","","","","","","","","","",""
"","","","","","","","","6","20170904","20170910","835.00","0.00","835.00","T","0.00","","","","","","","","","","","","","","","","","","",""
"","","","","","","","","6","20170911","20170917","835.00","0.00","835.00","T","0.00","","","","","","","","","","","","","","","","","","",""
"","","","","","","","","6","20170918","20170924","835.00","0.00","835.00","T","0.00","","","","","","","","","","","","","","","","","","",""
"","","","","","","","","6","20170925","20171001","905.00","0.00","905.00","T","0.00","","","","","","","","","","","","","","","","","","",""
"","","","","","","","","6","20171002","20171008","905.00","0.00","905.00","T","0.00","","","","","","","","","","","","","","","","","","",""
"","","","","","","","","6","20171009","20171015","905.00","0.00","905.00","T","0.00","","","","","","","","","","","","","","","","","","",""
"","","","","","","","","6","20171016","20171022","905.00","0.00","905.00","T","0.00","","","","","","","","","","","","","","","","","","",""
"","","","","","","","","6","20171023","20171029","905.00","0.00","905.00","T","0.00","","","","","","","","","","","","","","","","","","",""
"","","","","","","","","6","20171030","20171105","830.00","0.00","830.00","T","0.00","","","","","","","","","","","","","","","","","","",""
"","","","","","","","","6","20171106","20171112","830.00","0.00","830.00","T","0.00","","","","","","","","","","","","","","","","","","",""
"","","","","","","","","6","20171113","20171119","830.00","0.00","830.00","T","0.00","","","","","","","","","","","","","","","","","","",""
"","","","","","","","","6","20171120","20171126","830.00","0.00","830.00","T","0.00","","","","","","","","","","","","","","","","","","",""
"","","","","","","","","6","20171127","20171203","815.00","0.00","815.00","T","0.00","","","","","","","","","","","","","","","","","","",""
"","","","","","","","","6","20171204","20171210","815.00","0.00","815.00","T","0.00","","","","","","","","","","","","","","","","","","",""
"","","","","","","","","6","20171211","20171217","815.00","0.00","815.00","T","0.00","","","","","","","","","","","","","","","","","","",""
"","","","","","","","","7","20170821","20170827","820.00","0.00","820.00","T","0.00","","","","","","","","","","","","","","","","","","",""
"","","","","","","","","7","20170828","20170903","900.00","0.00","900.00","T","0.00","","","","","","","","","","","","","","","","","","",""
"","","","","","","","","7","20170904","20170910","900.00","0.00","900.00","T","0.00","","","","","","","","","","","","","","","","","","",""
"","","","","","","","","7","20170911","20170917","900.00","0.00","900.00","T","0.00","","","","","","","","","","","","","","","","","","",""
"","","","","","","","","7","20170918","20170924","900.00","0.00","900.00","T","0.00","","","","","","","","","","","","","","","","","","",""
"","","","","","","","","7","20170925","20171001","830.00","0.00","830.00","T","0.00","","","","","","","","","","","","","","","","","","",""
"","","","","","","","","7","20171002","20171008","830.00","0.00","830.00","T","0.00","","","","","","","","","","","","","","","","","","",""
"","","","","","","","","7","20171009","20171015","830.00","0.00","830.00","T","0.00","","","","","","","","","","","","","","","","","","",""
"","","","","","","","","7","20171016","20171022","830.00","0.00","830.00","T","0.00","","","","","","","","","","","","","","","","","","",""
"","","","","","","","","7","20171023","20171029","830.00","0.00","830.00","T","0.00","","","","","","","","","","","","","","","","","","",""
"","","","","","","","","7","20171030","20171105","815.00","0.00","815.00","T","0.00","","","","","","","","","","","","","","","","","","",""
"","","","","","","","","7","20171106","20171112","815.00","0.00","815.00","T","0.00","","","","","","","","","","","","","","","","","","",""
"","","","","","","","","7","20171113","20171119","815.00","0.00","815.00","T","0.00","","","","","","","","","","","","","","","","","","",""
"","","","","","","","","7","20171120","20171126","815.00","0.00","815.00","T","0.00","","","","","","","","","","","","","","","","","","",""
"","","","","","","","","7","20171127","20171203","810.00","0.00","810.00","T","0.00","","","","","","","","","","","","","","","","","","",""
"","","","","","","","","7","20171204","20171210","810.00","0.00","810.00","T","0.00","","","","","","","","","","","","","","","","","","",""
"","","","","","","","","7","20171211","20171217","810.00","0.00","810.00","T","0.00","","","","","","","","","","","","","","","","","","",""
"","","","","","","","","8","20170821","20170827","885.00","0.00","885.00","T","0.00","","","","","","","","","","","","","","","","","","",""
"","","","","","","","","8","20170828","20170903","825.00","0.00","825.00","T","0.00","","","","","","","","","","","","","","","","","","",""
"","","","","","","","","8","20170904","20170910","825.00","0.00","825.00","T","0.00","","","","","","","","","","","","","","","","","","",""
"","","","","","","","","8","20170911","20170917","825.00","0.00","825.00","T","0.00","","","","","","","","","","","","","","","","","","",""
"","","","","","","","","8","20170918","20170924","825.00","0.00","825.00","T","0.00","","","","","","","","","","","","","","","","","","",""
"","","","","","","","","8","20170925","20171001","815.00","0.00","815.00","T","0.00","","","","","","","","","","","","","","","","","","",""
"","","","","","","","","8","20171002","20171008","815.00","0.00","815.00","T","0.00","","","","","","","","","","","","","","","","","","",""
"","","","","","","","","8","20171009","20171015","815.00","0.00","815.00","T","0.00","","","","","","","","","","","","","","","","","","",""
"","","","","","","","","8","20171016","20171022","815.00","0.00","815.00","T","0.00","","","","","","","","","","","","","","","","","","",""
"","","","","","","","","8","20171023","20171029","815.00","0.00","815.00","T","0.00","","","","","","","","","","","","","","","","","","",""
"","","","","","","","","8","20171030","20171105","810.00","0.00","810.00","T","0.00","","","","","","","","","","","","","","","","","","",""
"","","","","","","","","8","20171106","20171112","810.00","0.00","810.00","T","0.00","","","","","","","","","","","","","","","","","","",""
"","","","","","","","","8","20171113","20171119","810.00","0.00","810.00","T","0.00","","","","","","","","","","","","","","","","","","",""
"","","","","","","","","8","20171120","20171126","810.00","0.00","810.00","T","0.00","","","","","","","","","","","","","","","","","","",""
"","","","","","","","","8","20171127","20171203","975.00","0.00","975.00","T","0.00","","","","","","","","","","","","","","","","","","",""
"","","","","","","","","8","20171204","20171210","975.00","0.00","975.00","T","0.00","","","","","","","","","","","","","","","","","","",""
"","","","","","","","","8","20171211","20171217","975.00","0.00","975.00","T","0.00","","","","","","","","","","","","","","","","","","",""
"","","","","","","","","9","20170821","20170827","810.00","0.00","810.00","T","0.00","","","","","","","","","","","","","","","","","","",""
"","","","","","","","","9","20170828","20170903","810.00","0.00","810.00","T","0.00","","","","","","","","","","","","","","","","","","",""
"","","","","","","","","9","20170904","20170910","810.00","0.00","810.00","T","0.00","","","","","","","","","","","","","","","","","","",""
"","","","","","","","","9","20170911","20170917","810.00","0.00","810.00","T","0.00","","","","","","","","","","","","","","","","","","",""
"","","","","","","","","9","20170918","20170924","810.00","0.00","810.00","T","0.00","","","","","","","","","","","","","","","","","","",""
"","","","","","","","","9","20170925","20171001","810.00","0.00","810.00","T","0.00","","","","","","","","","","","","","","","","","","",""
"","","","","","","","","9","20171002","20171008","810.00","0.00","810.00","T","0.00","","","","","","","","","","","","","","","","","","",""
"","","","","","","","","9","20171009","20171015","810.00","0.00","810.00","T","0.00","","","","","","","","","","","","","","","","","","",""
"","","","","","","","","9","20171016","20171022","810.00","0.00","810.00","T","0.00","","","","","","","","","","","","","","","","","","",""
"","","","","","","","","9","20171023","20171029","810.00","0.00","810.00","T","0.00","","","","","","","","","","","","","","","","","","",""
"","","","","","","","","9","20171030","20171105","975.00","0.00","975.00","T","0.00","","","","","","","","","","","","","","","","","","",""
"","","","","","","","","9","20171106","20171112","975.00","0.00","975.00","T","0.00","","","","","","","","","","","","","","","","","","",""
"","","","","","","","","9","20171113","20171119","975.00","0.00","975.00","T","0.00","","","","","","","","","","","","","","","","","","",""
"","","","","","","","","9","20171120","20171126","975.00","0.00","975.00","T","0.00","","","","","","","","","","","","","","","","","","",""
"","","","","","","","","9","20171127","20171203","810.00","0.00","810.00","T","0.00","","","","","","","","","","","","","","","","","","",""
"","","","","","","","","9","20171204","20171210","810.00","0.00","810.00","T","0.00","","","","","","","","","","","","","","","","","","",""
"","","","","","","","","9","20171211","20171217","810.00","0.00","810.00","T","0.00","","","","","","","","","","","","","","","","","","",""
"","","","","","","","","10","20170821","20170827","815.00","0.00","815.00","T","0.00","","","","","","","","","","","","","","","","","","",""
"","","","","","","","","10","20170828","20170903","810.00","0.00","810.00","T","0.00","","","","","","","","","","","","","","","","","","",""
"","","","","","","","","10","20170904","20170910","810.00","0.00","810.00","T","0.00","","","","","","","","","","","","","","","","","","",""
"","","","","","","","","10","20170911","20170917","810.00","0.00","810.00","T","0.00","","","","","","","","","","","","","","","","","","",""
"","","","","","","","","10","20170918","20170924","810.00","0.00","810.00","T","0.00","","","","","","","","","","","","","","","","","","",""
"","","","","","","","","10","20170925","20171001","970.00","0.00","970.00","T","0.00","","","","","","","","","","","","","","","","","","",""
"","","","","","","","","10","20171002","20171008","970.00","0.00","970.00","T","0.00","","","","","","","","","","","","","","","","","","",""
"","","","","","","","","10","20171009","20171015","970.00","0.00","970.00","T","0.00","","","","","","","","","","","","","","","","","","",""
"","","","","","","","","10","20171016","20171022","970.00","0.00","970.00","T","0.00","","","","","","","","","","","","","","","","","","",""
"","","","","","","","","10","20171023","20171029","970.00","0.00","970.00","T","0.00","","","","","","","","","","","","","","","","","","",""
"","","","","","","","","10","20171030","20171105","810.00","0.00","810.00","T","0.00","","","","","","","","","","","","","","","","","","",""
"","","","","","","","","10","20171106","20171112","810.00","0.00","810.00","T","0.00","","","","","","","","","","","","","","","","","","",""
"","","","","","","","","10","20171113","20171119","810.00","0.00","810.00","T","0.00","","","","","","","","","","","","","","","","","","",""
"","","","","","","","","10","20171120","20171126","810.00","0.00","810.00","T","0.00","","","","","","","","","","","","","","","","","","",""
"","","","","","","","","10","20171127","20171203","815.00","0.00","815.00","T","0.00","","","","","","","","","","","","","","","","","","",""
"","","","","","","","","10","20171204","20171210","815.00","0.00","815.00","T","0.00","","","","","","","","","","","","","","","","","","",""
"","","","","","","","","10","20171211","20171217","815.00","0.00","815.00","T","0.00","","","","","","","","","","","","","","","","","","",""
"","","","","","","","","11","20170821","20170827","810.00","0.00","810.00","T","0.00","","","","","","","","","","","","","","","","","","",""
"","","","","","","","","11","20170828","20170903","975.00","0.00","975.00","T","0.00","","","","","","","","","","","","","","","","","","",""
"","","","","","","","","11","20170904","20170910","975.00","0.00","975.00","T","0.00","","","","","","","","","","","","","","","","","","",""
"","","","","","","","","11","20170911","20170917","975.00","0.00","975.00","T","0.00","","","","","","","","","","","","","","","","","","",""
"","","","","","","","","11","20170918","20170924","975.00","0.00","975.00","T","0.00","","","","","","","","","","","","","","","","","","",""
"","","","","","","","","11","20170925","20171001","810.00","0.00","810.00","T","0.00","","","","","","","","","","","","","","","","","","",""
"","","","","","","","","11","20171002","20171008","810.00","0.00","810.00","T","0.00","","","","","","","","","","","","","","","","","","",""
"","","","","","","","","11","20171009","20171015","810.00","0.00","810.00","T","0.00","","","","","","","","","","","","","","","","","","",""
"","","","","","","","","11","20171016","20171022","810.00","0.00","810.00","T","0.00","","","","","","","","","","","","","","","","","","",""
"","","","","","","","","11","20171023","20171029","810.00","0.00","810.00","T","0.00","","","","","","","","","","","","","","","","","","",""
"","","","","","","","","11","20171030","20171105","820.00","0.00","820.00","T","0.00","","","","","","","","","","","","","","","","","","",""
"","","","","","","","","11","20171106","20171112","820.00","0.00","820.00","T","0.00","","","","","","","","","","","","","","","","","","",""
"","","","","","","","","11","20171113","20171119","820.00","0.00","820.00","T","0.00","","","","","","","","","","","","","","","","","","",""
"","","","","","","","","11","20171120","20171126","820.00","0.00","820.00","T","0.00","","","","","","","","","","","","","","","","","","",""
"","","","","","","","","11","20171127","20171203","815.00","0.00","815.00","T","0.00","","","","","","","","","","","","","","","","","","",""
"","","","","","","","","11","20171204","20171210","815.00","0.00","815.00","T","0.00","","","","","","","","","","","","","","","","","","",""
"","","","","","","","","11","20171211","20171217","815.00","0.00","815.00","T","0.00","","","","","","","","","","","","","","","","","","",""
"","","","","","","","","12","20170821","20170827","975.00","0.00","975.00","T","0.00","","","","","","","","","","","","","","","","","","",""
"","","","","","","","","12","20170828","20170903","810.00","0.00","810.00","T","0.00","","","","","","","","","","","","","","","","","","",""
"","","","","","","","","12","20170904","20170910","810.00","0.00","810.00","T","0.00","","","","","","","","","","","","","","","","","","",""
"","","","","","","","","12","20170911","20170917","810.00","0.00","810.00","T","0.00","","","","","","","","","","","","","","","","","","",""
"","","","","","","","","12","20170918","20170924","810.00","0.00","810.00","T","0.00","","","","","","","","","","","","","","","","","","",""
"","","","","","","","","12","20170925","20171001","815.00","0.00","815.00","T","0.00","","","","","","","","","","","","","","","","","","",""
"","","","","","","","","12","20171002","20171008","815.00","0.00","815.00","T","0.00","","","","","","","","","","","","","","","","","","",""
"","","","","","","","","12","20171009","20171015","815.00","0.00","815.00","T","0.00","","","","","","","","","","","","","","","","","","",""
"","","","","","","","","12","20171016","20171022","815.00","0.00","815.00","T","0.00","","","","","","","","","","","","","","","","","","",""
"","","","","","","","","12","20171023","20171029","815.00","0.00","815.00","T","0.00","","","","","","","","","","","","","","","","","","",""
"","","","","","","","","12","20171030","20171105","815.00","0.00","815.00","T","0.00","","","","","","","","","","","","","","","","","","",""
"","","","","","","","","12","20171106","20171112","815.00","0.00","815.00","T","0.00","","","","","","","","","","","","","","","","","","",""
"","","","","","","","","12","20171113","20171119","815.00","0.00","815.00","T","0.00","","","","","","","","","","","","","","","","","","",""
"","","","","","","","","12","20171120","20171126","815.00","0.00","815.00","T","0.00","","","","","","","","","","","","","","","","","","",""
"","","","","","","","","12","20171127","20171203","810.00","0.00","810.00","T","0.00","","","","","","","","","","","","","","","","","","",""
"","","","","","","","","12","20171204","20171210","810.00","0.00","810.00","T","0.00","","","","","","","","","","","","","","","","","","",""
"","","","","","","","","12","20171211","20171217","810.00","0.00","810.00","T","0.00","","","","","","","","","","","","","","","","","","",""
"","","","","","","","1313","2","20170821","20170827","1010.00","0.00","1010.00","T","0.00","","","","","","","","","","","","","","","","","","",""
"","","","","","","","","2","20170828","20170903","825.00","0.00","825.00","T","0.00","","","","","","","","","","","","","","","","","","",""
"","","","","","","","","2","20170904","20170910","825.00","0.00","825.00","T","0.00","","","","","","","","","","","","","","","","","","",""
"","","","","","","","","2","20170911","20170917","825.00","0.00","825.00","T","0.00","","","","","","","","","","","","","","","","","","",""
"","","","","","","","","2","20170918","20170924","825.00","0.00","825.00","T","0.00","","","","","","","","","","","","","","","","","","",""
"","","","","","","","","2","20170925","20171001","815.00","0.00","815.00","T","0.00","","","","","","","","","","","","","","","","","","",""
"","","","","","","","","2","20171002","20171008","815.00","0.00","815.00","T","0.00","","","","","","","","","","","","","","","","","","",""
"","","","","","","","","2","20171009","20171015","815.00","0.00","815.00","T","0.00","","","","","","","","","","","","","","","","","","",""
"","","","","","","","","2","20171016","20171022","815.00","0.00","815.00","T","0.00","","","","","","","","","","","","","","","","","","",""
"","","","","","","","","2","20171023","20171029","815.00","0.00","815.00","T","0.00","","","","","","","","","","","","","","","","","","",""
"","","","","","","","","2","20171030","20171105","820.00","0.00","820.00","T","0.00","","","","","","","","","","","","","","","","","","",""
"","","","","","","","","2","20171106","20171112","975.00","0.00","975.00","T","0.00","","","","","","","","","","","","","","","","","","",""
"","","","","","","","","2","20171113","20171119","975.00","0.00","975.00","T","0.00","","","","","","","","","","","","","","","","","","",""
"","","","","","","","","2","20171120","20171126","975.00","0.00","975.00","T","0.00","","","","","","","","","","","","","","","","","","",""
"","","","","","","","","2","20171127","20171203","980.00","0.00","980.00","T","0.00","","","","","","","","","","","","","","","","","","",""
"","","","","","","","","2","20171204","20171210","980.00","0.00","980.00","T","0.00","","","","","","","","","","","","","","","","","","",""
"","","","","","","","","2","20171211","20171217","980.00","0.00","980.00","T","0.00","","","","","","","","","","","","","","","","","","",""
"","","","","","","","","3","20170821","20170827","770.00","0.00","770.00","T","0.00","","","","","","","","","","","","","","","","","","",""
"","","","","","","","","3","20170828","20170903","770.00","0.00","770.00","T","0.00","","","","","","","","","","","","","","","","","","",""
"","","","","","","","","3","20170904","20170910","770.00","0.00","770.00","T","0.00","","","","","","","","","","","","","","","","","","",""
"","","","","","","","","3","20170911","20170917","770.00","0.00","770.00","T","0.00","","","","","","","","","","","","","","","","","","",""
"","","","","","","","","3","20170918","20170924","770.00","0.00","770.00","T","0.00","","","","","","","","","","","","","","","","","","",""
"","","","","","","","","3","20170925","20171001","755.00","0.00","755.00","T","0.00","","","","","","","","","","","","","","","","","","",""
"","","","","","","","","3","20171002","20171008","755.00","0.00","755.00","T","0.00","","","","","","","","","","","","","","","","","","",""
"","","","","","","","","3","20171009","20171015","755.00","0.00","755.00","T","0.00","","","","","","","","","","","","","","","","","","",""
"","","","","","","","","3","20171016","20171022","755.00","0.00","755.00","T","0.00","","","","","","","","","","","","","","","","","","",""
"","","","","","","","","3","20171023","20171029","755.00","0.00","755.00","T","0.00","","","","","","","","","","","","","","","","","","",""
"","","","","","","","","3","20171030","20171105","765.00","0.00","765.00","T","0.00","","","","","","","","","","","","","","","","","","",""
"","","","","","","","","3","20171106","20171112","915.00","0.00","915.00","T","0.00","","","","","","","","","","","","","","","","","","",""
"","","","","","","","","3","20171113","20171119","915.00","0.00","915.00","T","0.00","","","","","","","","","","","","","","","","","","",""
"","","","","","","","","3","20171120","20171126","915.00","0.00","915.00","T","0.00","","","","","","","","","","","","","","","","","","",""
"","","","","","","","","3","20171127","20171203","1215.00","0.00","1215.00","T","0.00","","","","","","","","","","","","","","","","","","",""
"","","","","","","","","3","20171204","20171210","1215.00","0.00","1215.00","T","0.00","","","","","","","","","","","","","","","","","","",""
"","","","","","","","","3","20171211","20171217","1215.00","0.00","1215.00","T","0.00","","","","","","","","","","","","","","","","","","",""
"","","","","","","","","4","20170821","20170827","760.00","0.00","760.00","T","0.00","","","","","","","","","","","","","","","","","","",""
"","","","","","","","","4","20170828","20170903","755.00","0.00","755.00","T","0.00","","","","","","","","","","","","","","","","","","",""
"","","","","","","","","4","20170904","20170910","755.00","0.00","755.00","T","0.00","","","","","","","","","","","","","","","","","","",""
"","","","","","","","","4","20170911","20170917","755.00","0.00","755.00","T","0.00","","","","","","","","","","","","","","","","","","",""
"","","","","","","","","4","20170918","20170924","755.00","0.00","755.00","T","0.00","","","","","","","","","","","","","","","","","","",""
"","","","","","","","","4","20170925","20171001","745.00","0.00","745.00","T","0.00","","","","","","","","","","","","","","","","","","",""
"","","","","","","","","4","20171002","20171008","745.00","0.00","745.00","T","0.00","","","","","","","","","","","","","","","","","","",""
"","","","","","","","","4","20171009","20171015","745.00","0.00","745.00","T","0.00","","","","","","","","","","","","","","","","","","",""
"","","","","","","","","4","20171016","20171022","745.00","0.00","745.00","T","0.00","","","","","","","","","","","","","","","","","","",""
"","","","","","","","","4","20171023","20171029","745.00","0.00","745.00","T","0.00","","","","","","","","","","","","","","","","","","",""
"","","","","","","","","4","20171030","20171105","995.00","0.00","995.00","T","0.00","","","","","","","","","","","","","","","","","","",""
"","","","","","","","","4","20171106","20171112","1190.00","0.00","1190.00","T","0.00","","","","","","","","","","","","","","","","","","",""
"","","","","","","","","4","20171113","20171119","1190.00","0.00","1190.00","T","0.00","","","","","","","","","","","","","","","","","","",""
"","","","","","","","","4","20171120","20171126","1190.00","0.00","1190.00","T","0.00","","","","","","","","","","","","","","","","","","",""
"","","","","","","","","4","20171127","20171203","910.00","0.00","910.00","T","0.00","","","","","","","","","","","","","","","","","","",""
"","","","","","","","","4","20171204","20171210","910.00","0.00","910.00","T","0.00","","","","","","","","","","","","","","","","","","",""
"","","","","","","","","4","20171211","20171217","910.00","0.00","910.00","T","0.00","","","","","","","","","","","","","","","","","","",""
"","","","","","","","","5","20170821","20170827","705.00","0.00","705.00","T","0.00","","","","","","","","","","","","","","","","","","",""
"","","","","","","","","5","20170828","20170903","705.00","0.00","705.00","T","0.00","","","","","","","","","","","","","","","","","","",""
"","","","","","","","","5","20170904","20170910","705.00","0.00","705.00","T","0.00","","","","","","","","","","","","","","","","","","",""
"","","","","","","","","5","20170911","20170917","705.00","0.00","705.00","T","0.00","","","","","","","","","","","","","","","","","","",""
"","","","","","","","","5","20170918","20170924","705.00","0.00","705.00","T","0.00","","","","","","","","","","","","","","","","","","",""
"","","","","","","","","5","20170925","20171001","930.00","0.00","930.00","T","0.00","","","","","","","","","","","","","","","","","","",""
"","","","","","","","","5","20171002","20171008","930.00","0.00","930.00","T","0.00","","","","","","","","","","","","","","","","","","",""
"","","","","","","","","5","20171009","20171015","930.00","0.00","930.00","T","0.00","","","","","","","","","","","","","","","","","","",""
"","","","","","","","","5","20171016","20171022","930.00","0.00","930.00","T","0.00","","","","","","","","","","","","","","","","","","",""
"","","","","","","","","5","20171023","20171029","930.00","0.00","930.00","T","0.00","","","","","","","","","","","","","","","","","","",""
"","","","","","","","","5","20171030","20171105","705.00","0.00","705.00","T","0.00","","","","","","","","","","","","","","","","","","",""
"","","","","","","","","5","20171106","20171112","850.00","0.00","850.00","T","0.00","","","","","","","","","","","","","","","","","","",""
"","","","","","","","","5","20171113","20171119","850.00","0.00","850.00","T","0.00","","","","","","","","","","","","","","","","","","",""
"","","","","","","","","5","20171120","20171126","850.00","0.00","850.00","T","0.00","","","","","","","","","","","","","","","","","","",""
"","","","","","","","","5","20171127","20171203","850.00","0.00","850.00","T","0.00","","","","","","","","","","","","","","","","","","",""
"","","","","","","","","5","20171204","20171210","850.00","0.00","850.00","T","0.00","","","","","","","","","","","","","","","","","","",""
"","","","","","","","","5","20171211","20171217","850.00","0.00","850.00","T","0.00","","","","","","","","","","","","","","","","","","",""
"","","","","","","","","6","20170821","20170827","675.00","0.00","675.00","T","0.00","","","","","","","","","","","","","","","","","","",""
"","","","","","","","","6","20170828","20170903","900.00","0.00","900.00","T","0.00","","","","","","","","","","","","","","","","","","",""
"","","","","","","","","6","20170904","20170910","900.00","0.00","900.00","T","0.00","","","","","","","","","","","","","","","","","","",""
"","","","","","","","","6","20170911","20170917","900.00","0.00","900.00","T","0.00","","","","","","","","","","","","","","","","","","",""
"","","","","","","","","6","20170918","20170924","900.00","0.00","900.00","T","0.00","","","","","","","","","","","","","","","","","","",""
"","","","","","","","","6","20170925","20171001","675.00","0.00","675.00","T","0.00","","","","","","","","","","","","","","","","","","",""
"","","","","","","","","6","20171002","20171008","675.00","0.00","675.00","T","0.00","","","","","","","","","","","","","","","","","","",""
"","","","","","","","","6","20171009","20171015","675.00","0.00","675.00","T","0.00","","","","","","","","","","","","","","","","","","",""
"","","","","","","","","6","20171016","20171022","675.00","0.00","675.00","T","0.00","","","","","","","","","","","","","","","","","","",""
"","","","","","","","","6","20171023","20171029","675.00","0.00","675.00","T","0.00","","","","","","","","","","","","","","","","","","",""
"","","","","","","","","6","20171030","20171105","680.00","0.00","680.00","T","0.00","","","","","","","","","","","","","","","","","","",""
"","","","","","","","","6","20171106","20171112","680.00","0.00","680.00","T","0.00","","","","","","","","","","","","","","","","","","",""
"","","","","","","","","6","20171113","20171119","680.00","0.00","680.00","T","0.00","","","","","","","","","","","","","","","","","","",""
"","","","","","","","","6","20171120","20171126","680.00","0.00","680.00","T","0.00","","","","","","","","","","","","","","","","","","",""
"","","","","","","","","6","20171127","20171203","670.00","0.00","670.00","T","0.00","","","","","","","","","","","","","","","","","","",""
"","","","","","","","","6","20171204","20171210","670.00","0.00","670.00","T","0.00","","","","","","","","","","","","","","","","","","",""
"","","","","","","","","6","20171211","20171217","670.00","0.00","670.00","T","0.00","","","","","","","","","","","","","","","","","","",""
"","","","","","","","","7","20170821","20170827","890.00","0.00","890.00","T","0.00","","","","","","","","","","","","","","","","","","",""
"","","","","","","","","7","20170828","20170903","675.00","0.00","675.00","T","0.00","","","","","","","","","","","","","","","","","","",""
"","","","","","","","","7","20170904","20170910","675.00","0.00","675.00","T","0.00","","","","","","","","","","","","","","","","","","",""
"","","","","","","","","7","20170911","20170917","675.00","0.00","675.00","T","0.00","","","","","","","","","","","","","","","","","","",""
"","","","","","","","","7","20170918","20170924","675.00","0.00","675.00","T","0.00","","","","","","","","","","","","","","","","","","",""
"","","","","","","","","7","20170925","20171001","665.00","0.00","665.00","T","0.00","","","","","","","","","","","","","","","","","","",""
"","","","","","","","","7","20171002","20171008","665.00","0.00","665.00","T","0.00","","","","","","","","","","","","","","","","","","",""
"","","","","","","","","7","20171009","20171015","665.00","0.00","665.00","T","0.00","","","","","","","","","","","","","","","","","","",""
"","","","","","","","","7","20171016","20171022","665.00","0.00","665.00","T","0.00","","","","","","","","","","","","","","","","","","",""
"","","","","","","","","7","20171023","20171029","665.00","0.00","665.00","T","0.00","","","","","","","","","","","","","","","","","","",""
"","","","","","","","","7","20171030","20171105","670.00","0.00","670.00","T","0.00","","","","","","","","","","","","","","","","","","",""
"","","","","","","","","7","20171106","20171112","670.00","0.00","670.00","T","0.00","","","","","","","","","","","","","","","","","","",""
"","","","","","","","","7","20171113","20171119","670.00","0.00","670.00","T","0.00","","","","","","","","","","","","","","","","","","",""
"","","","","","","","","7","20171120","20171126","670.00","0.00","670.00","T","0.00","","","","","","","","","","","","","","","","","","",""
"","","","","","","","","7","20171127","20171203","855.00","0.00","855.00","T","0.00","","","","","","","","","","","","","","","","","","",""
"","","","","","","","","7","20171204","20171210","855.00","0.00","855.00","T","0.00","","","","","","","","","","","","","","","","","","",""
"","","","","","","","","7","20171211","20171217","855.00","0.00","855.00","T","0.00","","","","","","","","","","","","","","","","","","",""
"","","","","","","","","8","20170821","20170827","665.00","0.00","665.00","T","0.00","","","","","","","","","","","","","","","","","","",""
"","","","","","","","","8","20170828","20170903","665.00","0.00","665.00","T","0.00","","","","","","","","","","","","","","","","","","",""
"","","","","","","","","8","20170904","20170910","665.00","0.00","665.00","T","0.00","","","","","","","","","","","","","","","","","","",""
"","","","","","","","","8","20170911","20170917","665.00","0.00","665.00","T","0.00","","","","","","","","","","","","","","","","","","",""
"","","","","","","","","8","20170918","20170924","665.00","0.00","665.00","T","0.00","","","","","","","","","","","","","","","","","","",""
"","","","","","","","","8","20170925","20171001","655.00","0.00","655.00","T","0.00","","","","","","","","","","","","","","","","","","",""
"","","","","","","","","8","20171002","20171008","655.00","0.00","655.00","T","0.00","","","","","","","","","","","","","","","","","","",""
"","","","","","","","","8","20171009","20171015","655.00","0.00","655.00","T","0.00","","","","","","","","","","","","","","","","","","",""
"","","","","","","","","8","20171016","20171022","655.00","0.00","655.00","T","0.00","","","","","","","","","","","","","","","","","","",""
"","","","","","","","","8","20171023","20171029","655.00","0.00","655.00","T","0.00","","","","","","","","","","","","","","","","","","",""
"","","","","","","","","8","20171030","20171105","850.00","0.00","850.00","T","0.00","","","","","","","","","","","","","","","","","","",""
"","","","","","","","","8","20171106","20171112","850.00","0.00","850.00","T","0.00","","","","","","","","","","","","","","","","","","",""
"","","","","","","","","8","20171113","20171119","850.00","0.00","850.00","T","0.00","","","","","","","","","","","","","","","","","","",""
"","","","","","","","","8","20171120","20171126","850.00","0.00","850.00","T","0.00","","","","","","","","","","","","","","","","","","",""
"","","","","","","","","8","20171127","20171203","655.00","0.00","655.00","T","0.00","","","","","","","","","","","","","","","","","","",""
"","","","","","","","","8","20171204","20171210","655.00","0.00","655.00","T","0.00","","","","","","","","","","","","","","","","","","",""
"","","","","","","","","8","20171211","20171217","655.00","0.00","655.00","T","0.00","","","","","","","","","","","","","","","","","","",""
"","","","","","","","","9","20170821","20170827","655.00","0.00","655.00","T","0.00","","","","","","","","","","","","","","","","","","",""
"","","","","","","","","9","20170828","20170903","655.00","0.00","655.00","T","0.00","","","","","","","","","","","","","","","","","","",""
"","","","","","","","","9","20170904","20170910","655.00","0.00","655.00","T","0.00","","","","","","","","","","","","","","","","","","",""
"","","","","","","","","9","20170911","20170917","655.00","0.00","655.00","T","0.00","","","","","","","","","","","","","","","","","","",""
"","","","","","","","","9","20170918","20170924","655.00","0.00","655.00","T","0.00","","","","","","","","","","","","","","","","","","",""
"","","","","","","","","9","20170925","20171001","840.00","0.00","840.00","T","0.00","","","","","","","","","","","","","","","","","","",""
"","","","","","","","","9","20171002","20171008","840.00","0.00","840.00","T","0.00","","","","","","","","","","","","","","","","","","",""
"","","","","","","","","9","20171009","20171015","840.00","0.00","840.00","T","0.00","","","","","","","","","","","","","","","","","","",""
"","","","","","","","","9","20171016","20171022","840.00","0.00","840.00","T","0.00","","","","","","","","","","","","","","","","","","",""
"","","","","","","","","9","20171023","20171029","840.00","0.00","840.00","T","0.00","","","","","","","","","","","","","","","","","","",""
"","","","","","","","","9","20171030","20171105","655.00","0.00","655.00","T","0.00","","","","","","","","","","","","","","","","","","",""
"","","","","","","","","9","20171106","20171112","655.00","0.00","655.00","T","0.00","","","","","","","","","","","","","","","","","","",""
"","","","","","","","","9","20171113","20171119","655.00","0.00","655.00","T","0.00","","","","","","","","","","","","","","","","","","",""
"","","","","","","","","9","20171120","20171126","655.00","0.00","655.00","T","0.00","","","","","","","","","","","","","","","","","","",""
"","","","","","","","","9","20171127","20171203","655.00","0.00","655.00","T","0.00","","","","","","","","","","","","","","","","","","",""
"","","","","","","","","9","20171204","20171210","655.00","0.00","655.00","T","0.00","","","","","","","","","","","","","","","","","","",""
"","","","","","","","","9","20171211","20171217","655.00","0.00","655.00","T","0.00","","","","","","","","","","","","","","","","","","",""
"","","","","","","","","10","20170821","20170827","575.00","0.00","575.00","T","0.00","","","","","","","","","","","","","","","","","","",""
"","","","","","","","","10","20170828","20170903","750.00","0.00","750.00","T","0.00","","","","","","","","","","","","","","","","","","",""
"","","","","","","","","10","20170904","20170910","750.00","0.00","750.00","T","0.00","","","","","","","","","","","","","","","","","","",""
"","","","","","","","","10","20170911","20170917","750.00","0.00","750.00","T","0.00","","","","","","","","","","","","","","","","","","",""
"","","","","","","","","10","20170918","20170924","750.00","0.00","750.00","T","0.00","","","","","","","","","","","","","","","","","","",""
"","","","","","","","","10","20170925","20171001","580.00","0.00","580.00","T","0.00","","","","","","","","","","","","","","","","","","",""
"","","","","","","","","10","20171002","20171008","580.00","0.00","580.00","T","0.00","","","","","","","","","","","","","","","","","","",""
"","","","","","","","","10","20171009","20171015","580.00","0.00","580.00","T","0.00","","","","","","","","","","","","","","","","","","",""
"","","","","","","","","10","20171016","20171022","580.00","0.00","580.00","T","0.00","","","","","","","","","","","","","","","","","","",""
"","","","","","","","","10","20171023","20171029","580.00","0.00","580.00","T","0.00","","","","","","","","","","","","","","","","","","",""
"","","","","","","","","10","20171030","20171105","590.00","0.00","590.00","T","0.00","","","","","","","","","","","","","","","","","","",""
"","","","","","","","","10","20171106","20171112","590.00","0.00","590.00","T","0.00","","","","","","","","","","","","","","","","","","",""
"","","","","","","","","10","20171113","20171119","590.00","0.00","590.00","T","0.00","","","","","","","","","","","","","","","","","","",""
"","","","","","","","","10","20171120","20171126","590.00","0.00","590.00","T","0.00","","","","","","","","","","","","","","","","","","",""
"","","","","","","","","10","20171127","20171203","595.00","0.00","595.00","T","0.00","","","","","","","","","","","","","","","","","","",""
"","","","","","","","","10","20171204","20171210","595.00","0.00","595.00","T","0.00","","","","","","","","","","","","","","","","","","",""
"","","","","","","","","10","20171211","20171217","595.00","0.00","595.00","T","0.00","","","","","","","","","","","","","","","","","","",""
"","","","","","","","","11","20170821","20170827","740.00","0.00","740.00","T","0.00","","","","","","","","","","","","","","","","","","",""
"","","","","","","","","11","20170828","20170903","575.00","0.00","575.00","T","0.00","","","","","","","","","","","","","","","","","","",""
"","","","","","","","","11","20170904","20170910","575.00","0.00","575.00","T","0.00","","","","","","","","","","","","","","","","","","",""
"","","","","","","","","11","20170911","20170917","575.00","0.00","575.00","T","0.00","","","","","","","","","","","","","","","","","","",""
"","","","","","","","","11","20170918","20170924","575.00","0.00","575.00","T","0.00","","","","","","","","","","","","","","","","","","",""
"","","","","","","","","11","20170925","20171001","580.00","0.00","580.00","T","0.00","","","","","","","","","","","","","","","","","","",""
"","","","","","","","","11","20171002","20171008","580.00","0.00","580.00","T","0.00","","","","","","","","","","","","","","","","","","",""
"","","","","","","","","11","20171009","20171015","580.00","0.00","580.00","T","0.00","","","","","","","","","","","","","","","","","","",""
"","","","","","","","","11","20171016","20171022","580.00","0.00","580.00","T","0.00","","","","","","","","","","","","","","","","","","",""
"","","","","","","","","11","20171023","20171029","580.00","0.00","580.00","T","0.00","","","","","","","","","","","","","","","","","","",""
"","","","","","","","","11","20171030","20171105","595.00","0.00","595.00","T","0.00","","","","","","","","","","","","","","","","","","",""
"","","","","","","","","11","20171106","20171112","595.00","0.00","595.00","T","0.00","","","","","","","","","","","","","","","","","","",""
"","","","","","","","","11","20171113","20171119","595.00","0.00","595.00","T","0.00","","","","","","","","","","","","","","","","","","",""
"","","","","","","","","11","20171120","20171126","595.00","0.00","595.00","T","0.00","","","","","","","","","","","","","","","","","","",""
"","","","","","","","","11","20171127","20171203","595.00","0.00","595.00","T","0.00","","","","","","","","","","","","","","","","","","",""
"","","","","","","","","11","20171204","20171210","600.00","0.00","600.00","T","0.00","","","","","","","","","","","","","","","","","","",""
"","","","","","","","","11","20171211","20171217","600.00","0.00","600.00","T","0.00","","","","","","","","","","","","","","","","","","",""
"","","","","","","","","12","20170821","20170827","565.00","0.00","565.00","T","0.00","","","","","","","","","","","","","","","","","","",""
"","","","","","","","","12","20170828","20170903","580.00","0.00","580.00","T","0.00","","","","","","","","","","","","","","","","","","",""
"","","","","","","","","12","20170904","20170910","580.00","0.00","580.00","T","0.00","","","","","","","","","","","","","","","","","","",""
"","","","","","","","","12","20170911","20170917","580.00","0.00","580.00","T","0.00","","","","","","","","","","","","","","","","","","",""
"","","","","","","","","12","20170918","20170924","580.00","0.00","580.00","T","0.00","","","","","","","","","","","","","","","","","","",""
"","","","","","","","","12","20170925","20171001","585.00","0.00","585.00","T","0.00","","","","","","","","","","","","","","","","","","",""
"","","","","","","","","12","20171002","20171008","585.00","0.00","585.00","T","0.00","","","","","","","","","","","","","","","","","","",""
"","","","","","","","","12","20171009","20171015","585.00","0.00","585.00","T","0.00","","","","","","","","","","","","","","","","","","",""
"","","","","","","","","12","20171016","20171022","585.00","0.00","585.00","T","0.00","","","","","","","","","","","","","","","","","","",""
"","","","","","","","","12","20171023","20171029","585.00","0.00","585.00","T","0.00","","","","","","","","","","","","","","","","","","",""
"","","","","","","","","12","20171030","20171105","595.00","0.00","595.00","T","0.00","","","","","","","","","","","","","","","","","","",""
"","","","","","","","","12","20171106","20171112","595.00","0.00","595.00","T","0.00","","","","","","","","","","","","","","","","","","",""
"","","","","","","","","12","20171113","20171119","595.00","0.00","595.00","T","0.00","","","","","","","","","","","","","","","","","","",""
"","","","","","","","","12","20171120","20171126","595.00","0.00","595.00","T","0.00","","","","","","","","","","","","","","","","","","",""
"","","","","","","","","12","20171127","20171203","595.00","0.00","595.00","T","0.00","","","","","","","","","","","","","","","","","","",""
"","","","","","","","","12","20171204","20171210","595.00","0.00","595.00","T","0.00","","","","","","","","","","","","","","","","","","",""
"","","","","","","","","12","20171211","20171217","595.00","0.00","595.00","T","0.00","","","","","","","","","","","","","","","","","","",""
